repository,num_commits,num_coontributors,html_url,description,url,created_at,updated_at,pushed_at,size,stargazers_count,language,has_issues,Category
microsoft/QuantumKatas,85,119,https://github.com/microsoft/QuantumKatas,Tutorials and programming exercises for learning Q# and quantum computing,https://api.github.com/repos/microsoft/QuantumKatas,2018-06-06T20:02:33Z,2022-01-04 01:32:13+00:00,2022-01-04T11:14:21Z,30450,3728,Jupyter Notebook,TRUE,Quantum algorithms
microsoft/Quantum,95,55,https://github.com/microsoft/Quantum,Microsoft Quantum Development Kit Samples,https://api.github.com/repos/microsoft/Quantum,2017-11-08T23:24:33Z,2022-01-04 01:05:15+00:00,2022-01-04T11:14:27Z,29681,3464,Jupyter Notebook,TRUE,Quantum programing framework
Qiskit/qiskit-terra,775,317,https://github.com/Qiskit/qiskit-terra,"Qiskit is an open-source SDK for working with quantum computers at the level of extended quantum circuits, operators, and algorithms.",https://api.github.com/repos/Qiskit/qiskit-terra,2017-03-03T17:02:42Z,2022-01-04 11:49:29+00:00,2022-01-04T13:10:49Z,82866,3187,Python,TRUE,Quantum programing framework
quantumlib/Cirq,652,154,https://github.com/quantumlib/Cirq,"A python framework for creating, editing, and invoking Noisy Intermediate Scale Quantum (NISQ) circuits.",https://api.github.com/repos/quantumlib/Cirq,2017-12-14T23:41:49Z,2021-12-31 13:42:31+00:00,2021-12-31T03:40:39Z,26980,3128,Python,TRUE,Quantum programing framework
data-science-on-aws/oreilly_book,715,10,https://github.com/data-science-on-aws/oreilly_book,"AI and Machine Learning with Kubeflow, Amazon EKS, and SageMaker",https://api.github.com/repos/data-science-on-aws/oreilly_book,2020-02-29T19:33:58Z,2022-01-06 16:27:13+00:00,2022-01-03T23:17:01Z,812156,2437,Jupyter Notebook,TRUE,Abandoned projects
Qiskit/qiskit,124,137,https://github.com/Qiskit/qiskit,"Qiskit is an open-source SDK for working with quantum computers at the level of circuits, algorithms, and application modules.",https://api.github.com/repos/Qiskit/qiskit,2018-12-12T22:04:07Z,2022-01-04 13:23:25+00:00,2022-01-04T06:02:51Z,1346065,2358,OpenQASM,TRUE,Quantum programing framework
Qiskit/qiskit-tutorials,129,149,https://github.com/Qiskit/qiskit-tutorials,A collection of Jupyter notebooks showing how to use the Qiskit SDK,https://api.github.com/repos/Qiskit/qiskit-tutorials,2017-08-03T14:55:29Z,2022-01-04 08:50:56+00:00,2021-12-07T12:36:33Z,154683,1790,Jupyter Notebook,TRUE,Quantum algorithms
desireevl/awesome-quantum-computing,40,38,https://github.com/desireevl/awesome-quantum-computing,A curated list of awesome quantum computing learning and developing resources.,https://api.github.com/repos/desireevl/awesome-quantum-computing,2018-01-23T10:07:44Z,2022-01-03 11:57:59+00:00,2021-11-30T00:47:09Z,423,1612,,TRUE,Abandoned projects
the-akira/Computer-Science-Resources,62,16,https://github.com/the-akira/Computer-Science-Resources,A list of resources in different fields of Computer Science (multiple languages) ,https://api.github.com/repos/the-akira/Computer-Science-Resources,2019-02-05T01:17:26Z,2022-01-04 11:53:55+00:00,2021-11-20T02:32:45Z,2301,1611,,TRUE,Abandoned projects
tensorflow/quantum,208,27,https://github.com/tensorflow/quantum,Hybrid Quantum-Classical Machine Learning in TensorFlow,https://api.github.com/repos/tensorflow/quantum,2020-02-06T19:58:35Z,2021-12-29 14:27:47+00:00,2021-12-10T22:43:43Z,25423,1343,Python,TRUE,Quantum Machine learning
rigetti/pyquil,87,78,https://github.com/rigetti/pyquil,A Python library for quantum programming using Quil.,https://api.github.com/repos/rigetti/pyquil,2017-01-09T21:30:22Z,2022-01-02 21:35:56+00:00,2021-12-29T21:20:15Z,71244,1234,Python,TRUE,Quantum programing framework
quantumlib/OpenFermion,31,59,https://github.com/quantumlib/OpenFermion,The electronic structure package for quantum computers.,https://api.github.com/repos/quantumlib/OpenFermion,2017-09-21T22:10:28Z,2021-12-16 22:10:49+00:00,2021-12-10T02:13:09Z,4824,1192,Python,TRUE,Quantum simulators
qutip/qutip,887,110,https://github.com/qutip/qutip,QuTiP: Quantum Toolbox in Python,https://api.github.com/repos/qutip/qutip,2012-10-09T06:20:46Z,2022-01-04 09:38:48+00:00,2022-01-03T20:28:55Z,54772,1130,Python,TRUE,Quantum simulators
PennyLaneAI/pennylane,563,83,https://github.com/PennyLaneAI/pennylane,PennyLane is a cross-platform Python library for differentiable programming of quantum computers.  Train a quantum computer the same way as a neural network.,https://api.github.com/repos/PennyLaneAI/pennylane,2018-04-17T16:45:42Z,2022-01-03 20:41:47+00:00,2022-01-04T11:14:00Z,56704,1122,Python,TRUE,Quantum Machine learning
qosf/awesome-quantum-software,55,52,https://github.com/qosf/awesome-quantum-software,Curated list of open-source quantum software projects.,https://api.github.com/repos/qosf/awesome-quantum-software,2018-04-25T16:35:33Z,2021-12-31 16:30:44+00:00,2021-12-26T19:52:43Z,1518,849,,TRUE,Abandoned projects
Qiskit/openqasm,566,42,https://github.com/Qiskit/openqasm,Quantum assembly language for extended quantum circuits,https://api.github.com/repos/Qiskit/openqasm,2017-03-03T17:03:30Z,2022-01-02 21:36:19+00:00,2021-12-30T18:46:38Z,12324,741,TeX,TRUE,Quantum assembly
ProjectQ-Framework/ProjectQ,28,25,https://github.com/ProjectQ-Framework/ProjectQ,ProjectQ: An open source software framework for quantum computing,https://api.github.com/repos/ProjectQ-Framework/ProjectQ,2016-12-28T09:31:53Z,2022-01-02 21:36:23+00:00,2022-01-04T13:24:22Z,1132,739,Python,TRUE,Quantum programing framework
Strilanc/Quirk,5,7,https://github.com/Strilanc/Quirk,A drag-and-drop quantum circuit simulator that runs in your browser. A toy for exploring and understanding small quantum circuits.,https://api.github.com/repos/Strilanc/Quirk,2014-03-05T23:31:28Z,2022-01-12T10:12:51Z,2021-08-12T21:26:52Z,22105,680,JavaScript,TRUE,Quantum simulators
QuantumBFS/Yao.jl,178,18,https://github.com/QuantumBFS/Yao.jl,"Extensible, Efficient Quantum Algorithm Design for Humans.",https://api.github.com/repos/QuantumBFS/Yao.jl,2018-04-13T13:47:02Z,2022-01-02 21:36:37+00:00,2021-12-22T02:09:17Z,19957,628,Julia,TRUE,Quantum algorithms
qiskit-community/qiskit-textbook,1079,194,https://github.com/qiskit-community/qiskit-textbook,A university quantum algorithms/computation course supplement based on Qiskit,https://api.github.com/repos/qiskit-community/qiskit-textbook,2019-08-07T18:36:49Z,2022-01-04 13:18:45+00:00,2022-01-04T13:08:44Z,161561,618,Jupyter Notebook,TRUE,Quantum algorithms
XanaduAI/strawberryfields,88,38,https://github.com/XanaduAI/strawberryfields,"Strawberry Fields is a full-stack Python library for designing, simulating, and optimizing continuous variable (CV) quantum optical circuits.",https://api.github.com/repos/XanaduAI/strawberryfields,2018-03-26T14:38:39Z,2022-01-02 21:36:45+00:00,2021-12-22T13:53:10Z,20186,594,Python,TRUE,Quantum programing framework
Qiskit/qiskit-aqua,88,85,https://github.com/Qiskit/qiskit-aqua,Quantum Algorithms & Applications (**DEPRECATED** since April 2021 - see readme for more info),https://api.github.com/repos/Qiskit/qiskit-aqua,2018-06-12T20:46:28Z,2022-01-02 21:36:49+00:00,2021-11-26T13:57:45Z,52034,553,Python,TRUE,Quantum algorithms
microsoft/qsharp-compiler,179,35,https://github.com/microsoft/qsharp-compiler,"Q# compiler, command line tool, and Q# language server",https://api.github.com/repos/microsoft/qsharp-compiler,2019-06-07T18:48:01Z,2022-01-09T03:05:49Z,2022-01-14T00:54:52Z,175874,550,C#,TRUE,Quantum programing framework
OriginQ/QPanda-2,75,8,https://github.com/OriginQ/QPanda-2,"QPanda 2 is an open source quantum computing framework developed by  OriginQC that can be used to build, run, and optimize quantum algorithms. ",https://api.github.com/repos/OriginQ/QPanda-2,2018-06-05T08:23:20Z,2021-12-29 02:02:28+00:00,2021-12-22T08:04:47Z,17361,494,C++,TRUE,Quantum programing framework
microsoft/QuantumLibraries,55,46,https://github.com/microsoft/QuantumLibraries,Q# libraries for the Quantum Development Kit,https://api.github.com/repos/microsoft/QuantumLibraries,2018-10-23T18:26:23Z,2022-01-04 01:05:10+00:00,2022-01-04T11:14:22Z,13161,412,Q#,TRUE,Quantum programing framework
quil-lang/quilc,88,24,https://github.com/quil-lang/quilc,The optimizing Quil compiler.,https://api.github.com/repos/quil-lang/quilc,2018-11-20T22:14:40Z,2022-01-02 21:37:15+00:00,2021-12-20T19:00:44Z,3469,365,Common Lisp,TRUE,Quantum compilers
softwareQinc/qpp,254,7,https://github.com/softwareQinc/qpp,A modern C++ quantum computing library,https://api.github.com/repos/softwareQinc/qpp,2014-03-21T20:00:40Z,2022-01-03 16:05:44+00:00,2022-01-02T22:20:08Z,286973,332,C++,TRUE,Quantum programing framework
quil-lang/qvm,14,15,https://github.com/quil-lang/qvm,The high-performance and featureful Quil simulator.,https://api.github.com/repos/quil-lang/qvm,2018-11-20T22:14:22Z,2022-01-02T21:37:33Z,2021-11-24T06:02:10Z,1100,332,Common Lisp,TRUE,Quantum simulators
Blueqat/Blueqat,182,7,https://github.com/Blueqat/Blueqat,Quantum Computer Library for Everyone,https://api.github.com/repos/Blueqat/Blueqat,2018-08-02T00:18:23Z,2022-01-02 21:37:42+00:00,2021-12-02T06:34:36Z,1533,329,Python,TRUE,Quantum programing framework
dwavesystems/dwave-ocean-sdk,294,14,https://github.com/dwavesystems/dwave-ocean-sdk,Installer for D-Wave's Ocean tools,https://api.github.com/repos/dwavesystems/dwave-ocean-sdk,2017-11-21T19:24:37Z,2022-01-02 21:37:50+00:00,2021-12-22T02:02:44Z,12845,297,Python,TRUE,Quantum utility tools
m-labs/artiq,385,44,https://github.com/m-labs/artiq,A leading-edge control system for quantum information experiments,https://api.github.com/repos/m-labs/artiq,2014-05-25T18:09:36Z,2022-01-04 07:33:56+00:00,2021-12-31T05:01:02Z,14415,291,Python,TRUE,Experimental quantum computing
Qiskit/qiskit-aer,196,59,https://github.com/Qiskit/qiskit-aer,Aer is a high performance simulator for quantum circuits that includes noise models,https://api.github.com/repos/Qiskit/qiskit-aer,2018-12-17T19:58:16Z,2022-01-04 00:46:09+00:00,2022-01-04T09:49:36Z,26491,277,C++,TRUE,Quantum simulators
PennyLaneAI/qml,176,41,https://github.com/PennyLaneAI/qml,"Introductions to key concepts in quantum machine learning, as well as tutorials and implementations from cutting-edge QML research.",https://api.github.com/repos/PennyLaneAI/qml,2019-10-09T19:17:54Z,2022-01-04 08:50:54+00:00,2022-01-02T03:12:57Z,88831,272,Python,TRUE,Abandoned projects
quantumlib/qsim,645,26,https://github.com/quantumlib/qsim,Schr√∂dinger and Schr√∂dinger-Feynman simulators for quantum circuits.,https://api.github.com/repos/quantumlib/qsim,2020-01-27T17:19:36Z,2022-01-02 21:38:04+00:00,2021-12-23T18:58:24Z,5842,264,C++,TRUE,Quantum simulators
QuEST-Kit/QuEST,60,11,https://github.com/QuEST-Kit/QuEST,"A multithreaded, distributed, GPU-accelerated simulator of quantum computers",https://api.github.com/repos/QuEST-Kit/QuEST,2017-03-28T12:00:18Z,2022-01-06T11:17:33Z,2022-01-09T09:20:54Z,15198,258,C++,TRUE,Quantum simulators
CQCL/pytket,127,9,https://github.com/CQCL/pytket,Python module for interfacing with CQC's core TKET library,https://api.github.com/repos/CQCL/pytket,2018-07-11T09:39:17Z,2022-01-02 21:38:15+00:00,2021-12-08T13:14:10Z,124895,236,Jupyter Notebook,TRUE,Abandoned projects
qulacs/qulacs,21,21,https://github.com/qulacs/qulacs,Variational Quantum Circuit Simulator for Quantum Computation Research,https://api.github.com/repos/qulacs/qulacs,2018-10-05T05:39:51Z,2022-01-02 21:38:26+00:00,2022-01-04T00:18:27Z,1335,234,C++,TRUE,Quantum simulators
jcmgray/quimb,131,13,https://github.com/jcmgray/quimb,A python library for quantum information and many-body calculations including tensor networks.,https://api.github.com/repos/jcmgray/quimb,2015-12-09T14:02:41Z,2022-01-02 21:38:35+00:00,2021-12-23T16:42:07Z,19244,230,Python,TRUE,Quantum algorithms
Qiskit/qiskit-machine-learning,168,43,https://github.com/Qiskit/qiskit-machine-learning,Quantum Machine Learning,https://api.github.com/repos/Qiskit/qiskit-machine-learning,2021-02-27T15:10:30Z,2021-12-30 11:11:40+00:00,2021-12-20T21:58:19Z,3204,203,Python,TRUE,Quantum Machine learning
Quantomatic/pyzx,97,11,https://github.com/Quantomatic/pyzx,Python library for quantum circuit rewriting and optimisation using the ZX-calculus,https://api.github.com/repos/Quantomatic/pyzx,2018-07-02T10:37:07Z,2022-01-02 21:38:38+00:00,2021-12-22T16:22:46Z,29958,194,OpenQASM,TRUE,Quantum compilers
oxford-quantum-group/discopy,170,9,https://github.com/oxford-quantum-group/discopy,a toolbox for computing with monoidal categories,https://api.github.com/repos/oxford-quantum-group/discopy,2019-10-11T09:02:00Z,2022-01-02 21:40:11+00:00,2021-12-14T22:36:05Z,28099,182,Python,TRUE,Quantum utility tools
quantastica/quantum-circuit,29,4,https://github.com/quantastica/quantum-circuit,Quantum Circuit Simulator implemented in JavaScript,https://api.github.com/repos/quantastica/quantum-circuit,2016-11-28T09:48:47Z,2022-01-02 21:40:19+00:00,2021-09-13T22:16:37Z,131665,177,JavaScript,TRUE,Quantum simulators
quantumlib/ReCirq,71,24,https://github.com/quantumlib/ReCirq,Research using Cirq!,https://api.github.com/repos/quantumlib/ReCirq,2020-03-12T23:51:33Z,2021-12-18 17:07:21+00:00,2021-12-23T08:02:50Z,3951,165,OpenQASM,TRUE,Abandoned projects
PIQuIL/QuCumber,26,14,https://github.com/PIQuIL/QuCumber,Neural Network Many-Body Wavefunction Reconstruction,https://api.github.com/repos/PIQuIL/QuCumber,2018-05-07T14:55:13Z,2022-01-02 21:40:32+00:00,2021-10-19T15:35:32Z,150281,159,Python,TRUE,
aws/amazon-braket-sdk-python,150,25,https://github.com/aws/amazon-braket-sdk-python,A python SDK for interacting with quantum devices on Amazon Braket,https://api.github.com/repos/aws/amazon-braket-sdk-python,2019-11-14T01:15:45Z,2022-01-02 21:40:37+00:00,2022-01-03T19:20:47Z,1670,158,Python,TRUE,Quantum programing framework
quantum-ods/qmlcourse,1423,30,https://github.com/quantum-ods/qmlcourse,Quantum Machine Learning Community Course,https://api.github.com/repos/quantum-ods/qmlcourse,2021-03-06T04:19:25Z,2021-12-30 21:38:58+00:00,2021-12-28T08:00:11Z,809883,157,TeX,TRUE,Abandoned projects
Qiskit/qiskit-metal,665,28,https://github.com/Qiskit/qiskit-metal,Quantum Hardware Design. Open-source project for engineers and scientists to design superconducting quantum devices with ease. ,https://api.github.com/repos/Qiskit/qiskit-metal,2020-11-12T16:19:21Z,2022-01-02 21:40:49+00:00,2021-12-28T18:01:28Z,64331,156,Python,TRUE,Experimental quantum computing
unitaryfund/mitiq,490,29,https://github.com/unitaryfund/mitiq,Mitiq is an open source toolkit for implementing error mitigation techniques on most current intermediate-scale quantum computers.,https://api.github.com/repos/unitaryfund/mitiq,2020-01-28T10:14:19Z,2021-12-29 08:07:16+00:00,2021-12-23T04:22:52Z,11062,146,Python,TRUE,Quantum compilers
usnistgov/jarvis,485,9,https://github.com/usnistgov/jarvis,JARVIS-Tools: an open-source software package for data-driven atomistic materials design,https://api.github.com/repos/usnistgov/jarvis,2017-06-22T19:34:02Z,2021-12-28 00:22:08+00:00,2021-12-28T20:53:36Z,237670,140,Python,TRUE,Abandoned projects
panacloud/bootcamp-2021,177,4,https://github.com/panacloud/bootcamp-2021,Become a Certified Unicorn Developer and Participant in the API Token Economy,https://api.github.com/repos/panacloud/bootcamp-2021,2021-01-18T07:06:28Z,2022-01-03 15:07:09+00:00,2022-01-03T15:07:06Z,2605,140,TypeScript,TRUE,Abandoned projects
DavitKhach/quantum-algorithms-tutorials,23,3,https://github.com/DavitKhach/quantum-algorithms-tutorials,Tutorials for Quantum Algorithms with Qiskit implementations.,https://api.github.com/repos/DavitKhach/quantum-algorithms-tutorials,2019-11-29T20:45:51Z,2022-01-02 21:41:18+00:00,2021-10-27T08:41:15Z,2469,138,Jupyter Notebook,TRUE,Abandoned projects
mit-han-lab/torchquantum,601,3,https://github.com/mit-han-lab/torchquantum,"A PyTorch-based hybrid classical-quantum machine learning (neural networks) framework, with support for easy deployments on real quantum machines.",https://api.github.com/repos/mit-han-lab/torchquantum,2021-02-04T19:42:30Z,2022-01-03 18:53:11+00:00,2022-01-03T18:53:08Z,2414,132,Python,TRUE,Quantum Machine learning
qiboteam/qibo,1589,12,https://github.com/qiboteam/qibo,A framework for quantum computing with hardware acceleration.,https://api.github.com/repos/qiboteam/qibo,2020-02-18T08:21:10Z,2021-12-30 11:17:48+00:00,2021-12-27T08:59:01Z,14792,110,Python,TRUE,Quantum simulators
eclipse/xacc,356,19,https://github.com/eclipse/xacc,XACC - eXtreme-scale Accelerator programming framework,https://api.github.com/repos/eclipse/xacc,2017-09-19T15:56:59Z,2021-12-17 15:18:18+00:00,2021-12-18T17:06:56Z,50290,108,C++,TRUE,Quantum compilers
vm6502q/qrack,1071,5,https://github.com/vm6502q/qrack,"Comprehensive, GPU accelerated framework for developing universal virtual quantum processors",https://api.github.com/repos/vm6502q/qrack,2017-12-21T01:15:29Z,2022-01-04 00:40:43+00:00,2022-01-04T07:02:08Z,16681,103,C++,TRUE,Abandoned projects
zlatko-minev/pyEPR,51,24,https://github.com/zlatko-minev/pyEPR,"Powerful, automated analysis and design of quantum microwave chips & devices [Energy-Participation Ratio and more]",https://api.github.com/repos/zlatko-minev/pyEPR,2017-08-22T14:47:16Z,2022-01-02 21:42:00+00:00,2021-12-29T14:21:42Z,3992,102,Python,TRUE,Abandoned projects
qosf/qosf.org,107,21,https://github.com/qosf/qosf.org,Web portal of Quantum Open Source Foundation,https://api.github.com/repos/qosf/qosf.org,2018-11-06T22:43:10Z,2022-01-02 21:42:04+00:00,2021-12-05T02:38:12Z,7886,101,SCSS,TRUE,Abandoned projects
TRIQS/triqs,24,26,https://github.com/TRIQS/triqs,a Toolbox for Research on Interacting Quantum Systems,https://api.github.com/repos/TRIQS/triqs,2013-07-17T16:06:50Z,2022-01-10T23:23:33Z,2022-01-13T22:54:27Z,15494,98,C++,TRUE,Experimental quantum computing
Hongbo-Miao/hongbomiao.com,3998,9,https://github.com/Hongbo-Miao/hongbomiao.com,Hongbo Miao ‚Äì Making magic happen,https://api.github.com/repos/Hongbo-Miao/hongbomiao.com,2019-02-27T01:47:30Z,2022-01-04 07:55:00+00:00,2022-01-04T07:54:57Z,196379,95,TypeScript,TRUE,Abandoned projects
CQCL/tket,124,10,https://github.com/CQCL/tket,"Source code for the TKET quantum compiler, Python bindings and utilities",https://api.github.com/repos/CQCL/tket,2021-09-13T12:46:23Z,2022-01-04 11:48:04+00:00,2022-01-04T13:00:44Z,326188,92,C++,TRUE,Quantum compilers
SoftwareQuTech/SimulaQron,17,21,https://github.com/SoftwareQuTech/SimulaQron,Quantum Network Simulator for Application Programming,https://api.github.com/repos/SoftwareQuTech/SimulaQron,2017-06-25T10:14:59Z,2021-12-17T17:36:42Z,2021-12-17T17:36:45Z,6755,88,Python,TRUE,Quantum simulators
iqusoft/intel-qs,86,16,https://github.com/iqusoft/intel-qs,High-performance simulator of quantum circuits,https://api.github.com/repos/iqusoft/intel-qs,2020-02-21T07:34:45Z,2022-01-02 21:42:38+00:00,2021-12-13T20:51:33Z,18284,85,C++,TRUE,Quantum simulators
softwareQinc/staq,133,6,https://github.com/softwareQinc/staq,A full-stack quantum processing toolkit,https://api.github.com/repos/softwareQinc/staq,2019-05-14T17:02:22Z,2022-01-02 21:42:45+00:00,2021-12-31T02:15:56Z,10440,81,C++,TRUE,Quantum utility tools
Renmusxd/RustQIP,53,4,https://github.com/Renmusxd/RustQIP,Quantum computing using rust. Efficient and a borrow-checked no cloning theorem!,https://api.github.com/repos/Renmusxd/RustQIP,2019-05-09T04:04:44Z,2022-01-02 21:42:49+00:00,2021-12-10T23:01:56Z,732,81,Rust,TRUE,Quantum simulators
vprusso/toqito,207,9,https://github.com/vprusso/toqito,|toqito> (Theory of Quantum Information Toolkit) in Python :snake:,https://api.github.com/repos/vprusso/toqito,2020-01-22T03:47:16Z,2021-11-21 09:18:00+00:00,2021-08-24T18:57:23Z,1873,75,Python,TRUE,Quantum utility tools
yogeshhk/TeachingDataScience,293,2,https://github.com/yogeshhk/TeachingDataScience,"Course notes for Data Science related topics, prepared in LaTeX",https://api.github.com/repos/yogeshhk/TeachingDataScience,2019-04-13T23:43:45Z,2021-12-29 13:19:22+00:00,2021-12-29T00:45:19Z,2801703,74,Jupyter Notebook,TRUE,Abandoned projects
johanvos/quantumjava,39,3,https://github.com/johanvos/quantumjava,"Samples related to ""Quantum Computing for Java Developers""",https://api.github.com/repos/johanvos/quantumjava,2019-02-27T19:27:04Z,2021-12-06 12:35:40+00:00,2021-11-06T21:07:56Z,21798,74,Java,TRUE,Abandoned projects
CompPhysics/ComputationalPhysics2,149,7,https://github.com/CompPhysics/ComputationalPhysics2,"Advanced course in Computational Physics, see texbook at http://compphysics.github.io/ComputationalPhysics2/doc/LectureNotes/_build/html/ with an emphasis on computational quantum mechanics, machine learning and quantum computing.",https://api.github.com/repos/CompPhysics/ComputationalPhysics2,2015-01-07T20:38:21Z,2021-12-20 03:38:54+00:00,2021-05-04T19:35:29Z,237191,74,,TRUE,Abandoned projects
dwavesystems/dwave-system,146,19,https://github.com/dwavesystems/dwave-system,"An API for easily incorporating the D-Wave system as a sampler, either directly or through Leap's cloud-based hybrid samplers",https://api.github.com/repos/dwavesystems/dwave-system,2018-02-19T19:54:19Z,2021-12-21 19:47:16+00:00,2021-12-31T18:33:04Z,2149,74,Python,TRUE,Quantum annealing
boschmitt/tweedledum,208,6,https://github.com/boschmitt/tweedledum,"C++17 Library for analysis, compilation/synthesis, and optimization of quantum circuits",https://api.github.com/repos/boschmitt/tweedledum,2018-07-13T20:03:36Z,2021-12-14 15:32:47+00:00,2021-12-06T10:16:08Z,12952,70,C++,TRUE,Quantum compilers
pyGSTio/pyGSTi,572,17,https://github.com/pyGSTio/pyGSTi,A python implementation of Gate Set Tomography,https://api.github.com/repos/pyGSTio/pyGSTi,2016-01-27T23:59:04Z,2021-12-27 20:27:20+00:00,2021-12-21T06:45:36Z,129917,70,Jupyter Notebook,TRUE,Quantum simulators
dwavesystems/dwave-hybrid,62,5,https://github.com/dwavesystems/dwave-hybrid,Hybrid Asynchronous Decomposition Sampler prototype framework.,https://api.github.com/repos/dwavesystems/dwave-hybrid,2018-08-03T06:15:19Z,2021-12-21 23:02:21+00:00,2021-12-21T23:03:07Z,21745,69,Python,TRUE,Quantum annealing
quantumlib/Stim,248,6,https://github.com/quantumlib/Stim,A fast stabilizer circuit simulator,https://api.github.com/repos/quantumlib/Stim,2021-02-19T15:55:47Z,2021-12-31 10:49:30+00:00,2021-12-30T02:12:04Z,2259,68,C++,TRUE,Quantum simulators
XanaduAI/thewalrus,76,21,https://github.com/XanaduAI/thewalrus,"A library for the calculation of hafnians, Hermite polynomials and Gaussian boson sampling.",https://api.github.com/repos/XanaduAI/thewalrus,2018-05-11T18:49:44Z,2021-12-16 20:18:47+00:00,2021-12-22T17:33:58Z,14404,67,Python,TRUE,Experimental quantum computing
GTorlai/PastaQ.jl,186,3,https://github.com/GTorlai/PastaQ.jl,"Package for Simulation, Tomography and Analysis of Quantum Computers",https://api.github.com/repos/GTorlai/PastaQ.jl,2020-05-13T20:42:55Z,2021-12-31 23:27:20+00:00,2021-11-22T23:03:05Z,136832,61,Julia,TRUE,Quantum simulators
qir-alliance/qcor,822,8,https://github.com/qir-alliance/qcor,C++ compiler for heterogeneous quantum-classical computing built on Clang and XACC,https://api.github.com/repos/qir-alliance/qcor,2019-05-13T14:26:19Z,2022-01-03 13:17:11+00:00,2021-12-06T20:15:58Z,29826,61,C++,TRUE,Quantum compilers
issp-center-dev/HPhi,57,7,https://github.com/issp-center-dev/HPhi,Quantum Lattice Model Simulator Package,https://api.github.com/repos/issp-center-dev/HPhi,2015-09-11T02:40:51Z,2021-12-15T05:12:24Z,2022-01-11T07:52:07Z,390487,57,Shell,TRUE,Quantum simulators
OpenJij/OpenJij,562,10,https://github.com/OpenJij/OpenJij,OpenJij  : Framework for the Ising model and QUBO.,https://api.github.com/repos/OpenJij/OpenJij,2019-01-04T14:31:51Z,2021-12-29 07:35:16+00:00,2021-12-15T07:13:14Z,10226,56,C++,TRUE,Abandoned projects
yaleqc/qtcodes,177,15,https://github.com/yaleqc/qtcodes,Qiskit Topological Codes,https://api.github.com/repos/yaleqc/qtcodes,2020-06-21T18:42:53Z,2021-12-31 20:59:51+00:00,2021-12-27T02:47:44Z,105587,55,Jupyter Notebook,TRUE,Quantum programing framework
QE-Lab/OpenQL,507,23,https://github.com/QE-Lab/OpenQL,OpenQL : A Portable Quantum Programming Framework for Quantum Accelerators ( https://dl.acm.org/doi/10.1145/3474222 ),https://api.github.com/repos/QE-Lab/OpenQL,2017-04-13T14:16:16Z,2022-01-07T23:57:02Z,2021-12-08T10:56:25Z,16851,54,C++,TRUE,Quantum programing framework
dwavesystems/dwave-cloud-client,215,9,https://github.com/dwavesystems/dwave-cloud-client,A minimal implementation of the REST interface used to communicate with D-Wave Solver API (SAPI) servers.,https://api.github.com/repos/dwavesystems/dwave-cloud-client,2017-10-03T23:10:23Z,2021-12-21 15:45:50+00:00,2021-12-21T15:54:55Z,2114,50,Python,TRUE,Quantum utility tools
gecrooks/quantumflow-dev,59,3,https://github.com/gecrooks/quantumflow-dev,QuantumFlow: A Quantum Algorithms Development Toolkit,https://api.github.com/repos/gecrooks/quantumflow-dev,2019-06-03T05:54:26Z,2021-12-30 13:41:18+00:00,2021-12-07T15:22:28Z,1801,48,Python,TRUE,Quantum utility tools
nix-community/nur-combined,8072,2,https://github.com/nix-community/nur-combined,A repository of NUR that combines all repositories [maintainer=@Mic92] ,https://api.github.com/repos/nix-community/nur-combined,2018-08-04T16:29:54Z,2021-12-31 12:24:17+00:00,2021-12-31T12:24:13Z,108005,48,Nix,TRUE,Abandoned projects
nikolasibalic/ARC-Alkali-Rydberg-Calculator,97,6,https://github.com/nikolasibalic/ARC-Alkali-Rydberg-Calculator,Object-oriented Python library for computation of properties of highly-excited Rydbeg states of alkali and divalent atoms.,https://api.github.com/repos/nikolasibalic/ARC-Alkali-Rydberg-Calculator,2016-12-12T17:19:12Z,2021-12-30 00:52:10+00:00,2021-12-28T05:59:18Z,177930,47,Python,TRUE,Abandoned projects
microsoft/qdk-python,114,27,https://github.com/microsoft/qdk-python,Python packages for the Microsoft Quantum Development Kit (QDK),https://api.github.com/repos/microsoft/qdk-python,2021-01-05T23:55:30Z,2021-12-23 01:52:05+00:00,2021-12-31T11:14:28Z,1673,43,Python,TRUE,Quantum programing framework
qucontrol/krotov,22,6,https://github.com/qucontrol/krotov,Python implementation of Krotov's method for quantum optimal control,https://api.github.com/repos/qucontrol/krotov,2018-11-06T19:21:21Z,2021-12-16 08:04:34+00:00,2021-11-10T15:16:24Z,63916,43,Python,TRUE,Quantum algorithms
sfc-aqua/quisp,577,17,https://github.com/sfc-aqua/quisp,Open source implementation of quantum internet simulation package,https://api.github.com/repos/sfc-aqua/quisp,2020-03-13T05:48:04Z,2022-01-03 10:07:15+00:00,2022-01-03T08:06:50Z,347276,42,C++,TRUE,Quantum simulators
pasqal-io/Pulser,405,16,https://github.com/pasqal-io/Pulser,Library for pulse-level/analog control of neutral atom devices. Emulator with QuTiP.,https://api.github.com/repos/pasqal-io/Pulser,2020-09-09T15:49:00Z,2022-01-03 16:51:58+00:00,2022-01-04T09:48:28Z,24254,39,Python,TRUE,Quantum simulators
q-optimize/c3,903,13,https://github.com/q-optimize/c3,"Toolset for control, calibration and characterization of physical systems",https://api.github.com/repos/q-optimize/c3,2020-10-01T13:16:00Z,2021-12-29 14:21:04+00:00,2021-12-29T14:20:58Z,28000,36,Python,TRUE,Quantum utility tools
iqm-finland/KQCircuits,181,6,https://github.com/iqm-finland/KQCircuits,KLayout Python library for integrated quantum circuit design.,https://api.github.com/repos/iqm-finland/KQCircuits,2020-08-10T08:49:35Z,2021-12-24 05:08:24+00:00,2021-12-09T17:39:26Z,21572,35,Python,TRUE,Abandoned projects
Quantum-Flytrap/quantum-tensors,38,6,https://github.com/Quantum-Flytrap/quantum-tensors,Quantum Tensors - NPM package for sparse matrix operations for quantum information and computing,https://api.github.com/repos/Quantum-Flytrap/quantum-tensors,2019-06-17T16:51:30Z,2021-09-25 11:45:01+00:00,2021-09-25T11:45:11Z,2971,34,TypeScript,TRUE,Quantum utility tools
qutech/qupulse,212,15,https://github.com/qutech/qupulse,Quantum Computing Toolkit for Qubit Control,https://api.github.com/repos/qutech/qupulse,2015-01-27T13:27:55Z,2021-12-09T15:47:10Z,2021-12-29T16:12:05Z,9312,33,Python,TRUE,Quantum utility tools
PennyLaneAI/pennylane-cirq,34,11,https://github.com/PennyLaneAI/pennylane-cirq,The PennyLane-Cirq plugin integrates Google's Cirq software library with with PennyLane's quantum machine learning capabilities. ,https://api.github.com/repos/PennyLaneAI/pennylane-cirq,2019-07-23T16:19:55Z,2021-12-23 15:31:45+00:00,2021-12-13T13:36:10Z,1992,32,Python,TRUE,Quantum Machine learning
redfx-quantum/strangefx,32,3,https://github.com/redfx-quantum/strangefx,Quantum computer simulator,https://api.github.com/repos/redfx-quantum/strangefx,2017-11-13T03:41:27Z,2021-08-29 18:36:07+00:00,2021-08-29T18:36:04Z,478,32,Java,TRUE,Quantum simulators
Quantum-Universal-Education/Quantum-Universal-Education.github.io,451,10,https://github.com/Quantum-Universal-Education/Quantum-Universal-Education.github.io,"Welcome to this community-driven, open-source educational website for learning about all aspects of quantum computing across the full stack, from hardware to algorithms to everything in between and adjacent!  Whether you are new to quantum science, filling in gaps in your foundation of knowledge, or supplementing a course you are taking, our goal is to help you learn based on your interests and background knowledge.  We are always open to recommendations and contributions from the quantum computing community.",https://api.github.com/repos/Quantum-Universal-Education/Quantum-Universal-Education.github.io,2020-07-22T07:49:33Z,2021-12-19 20:12:18+00:00,2021-12-19T20:12:13Z,153499,31,JavaScript,TRUE,Abandoned projects
iic-jku/ddsim,113,3,https://github.com/iic-jku/ddsim,JKQ DDSIM - A quantum circuit simulator based on decision diagrams written in C++,https://api.github.com/repos/iic-jku/ddsim,2020-02-11T10:08:51Z,2021-12-07 02:54:41+00:00,2021-12-04T08:37:10Z,929,29,C++,TRUE,Quantum simulators
aws/amazon-braket-default-simulator-python,33,8,https://github.com/aws/amazon-braket-default-simulator-python,An implementation of a quantum simulator that you can run locally.,https://api.github.com/repos/aws/amazon-braket-default-simulator-python,2020-04-02T21:47:17Z,2021-11-22 20:11:47+00:00,2022-01-05T22:15:38Z,230,29,Python,TRUE,Quantum simulators
nasa/hybridq,352,5,https://github.com/nasa/hybridq,"HybridQ is a highly extensible platform designed to provide a common framework to integrate multiple state-of-the-art techniques to simulate large scale quantum circuits on a variety of hardware. HybridQ provides tools to manipulate, develop, and extend noiseless and noisy circuits for different hardware architectures. HybridQ also supports large-scale high-performance computing (HPC) simulations, automatically balancing workload among different processor nodes and enabling the use of multiple backends to maximize parallel efficiency. Everything is then glued together by a simple and expressive language that allows seamless switching from one technique to another as well as from one hardware to the next, without the need to write lengthy translations, thus greatly simplifying the development of new hybrid algorithms and techniques.",https://api.github.com/repos/nasa/hybridq,2021-03-10T17:46:01Z,2021-12-21 00:14:47+00:00,2021-12-30T21:46:58Z,8957,28,Python,TRUE,Quantum simulators
vein-lang/vein,2015,6,https://github.com/vein-lang/vein,"üîÆ‚ö°Ô∏èVein is an open source high-level strictly-typed programming language with a standalone OS, arm and quantum computing support.",https://api.github.com/repos/vein-lang/vein,2020-02-10T18:54:20Z,2022-01-04 09:45:43+00:00,2022-01-04T01:00:40Z,4511,27,C#,TRUE,Quantum programing framework
aws/amazon-braket-pennylane-plugin-python,76,18,https://github.com/aws/amazon-braket-pennylane-plugin-python,A plugin for allowing Xanadu PennyLane to use Amazon Braket devices,https://api.github.com/repos/aws/amazon-braket-pennylane-plugin-python,2020-03-31T22:40:49Z,2021-12-16 17:51:23+00:00,2021-12-16T17:51:21Z,815,27,Python,TRUE,Quantum utility tools
BBN-Q/QGL,27,14,https://github.com/BBN-Q/QGL,Quantum Gate Language (QGL) is a domain specific language embedded in python for specifying quantum gate sequences.,https://api.github.com/repos/BBN-Q/QGL,2016-01-21T20:58:01Z,2021-12-14T19:26:18Z,2021-12-14T19:26:13Z,9431,27,Python,TRUE,Quantum programing framework
quantumlib/OpenFermion-FQE,156,8,https://github.com/quantumlib/OpenFermion-FQE,The Fermionic Quantum Emulator (FQE) is a fermionic simulation research tool specializing in quantum circuits emulating fermion dynamics.,https://api.github.com/repos/quantumlib/OpenFermion-FQE,2020-04-01T20:23:25Z,2021-11-17 11:32:51+00:00,2021-10-20T20:18:19Z,10100,26,Python,TRUE,Quantum simulators
QuantumBFS/YaoBlocks.jl,29,7,https://github.com/QuantumBFS/YaoBlocks.jl,"Standard basic quantum circuit simulator building blocks. (archived, for it is moved to Yao.jl)",https://api.github.com/repos/QuantumBFS/YaoBlocks.jl,2018-11-22T17:10:59Z,2021-12-18 06:26:00+00:00,2021-12-08T17:15:11Z,615,26,Julia,TRUE,Quantum simulators
Krastanov/QuantumClifford.jl,187,5,https://github.com/Krastanov/QuantumClifford.jl,"Clifford circuits, graph states, and other quantum Stabilizer formalism tools.",https://api.github.com/repos/Krastanov/QuantumClifford.jl,2019-07-09T19:47:16Z,2022-01-04 01:49:10+00:00,2022-01-04T01:59:26Z,6893,26,Julia,TRUE,Quantum simulators
scikit-quant/scikit-quant,62,3,https://github.com/scikit-quant/scikit-quant,,https://api.github.com/repos/scikit-quant/scikit-quant,2019-01-10T00:17:19Z,2021-12-11 21:55:47+00:00,2021-11-14T05:07:19Z,2709,25,C++,TRUE,Quantum utility tools
Interlin-q/Interlin-q,74,3,https://github.com/Interlin-q/Interlin-q,A Quantum Interconnect Simulator for Distributed Quantum Algorithms,https://api.github.com/repos/Interlin-q/Interlin-q,2020-10-26T08:55:37Z,2021-11-15 16:57:18+00:00,2021-09-26T12:29:05Z,3454,23,Python,TRUE,Quantum simulators
jwoehr/qisjob,88,2,https://github.com/jwoehr/qisjob,Qiskit Job Control,https://api.github.com/repos/jwoehr/qisjob,2019-02-05T00:45:28Z,2021-12-07 02:03:08+00:00,2021-07-18T16:43:42Z,330,22,Python,TRUE,Quantum simulators
JuliaQuantumControl/QuOptimalControl.jl,95,2,https://github.com/JuliaQuantumControl/QuOptimalControl.jl,Library for solving quantum optimal control problems in Julia. Currently offers support for GRAPE and dCRAB algorithms using piecewise constant controls.,https://api.github.com/repos/JuliaQuantumControl/QuOptimalControl.jl,2020-08-01T20:36:19Z,2021-12-17 16:37:58+00:00,2021-10-04T20:29:15Z,369,21,Julia,TRUE,Abandoned projects
zapatacomputing/z-quantum-core,818,24,https://github.com/zapatacomputing/z-quantum-core,,https://api.github.com/repos/zapatacomputing/z-quantum-core,2020-04-14T13:03:04Z,2021-11-24 19:29:43+00:00,2021-12-22T15:12:51Z,2159,20,Python,TRUE,Quantum algorithms
harshangrjn/QuantumCircuitOpt.jl,299,2,https://github.com/harshangrjn/QuantumCircuitOpt.jl,A Julia/JuMP Package for Optimal Quantum Circuit Design,https://api.github.com/repos/harshangrjn/QuantumCircuitOpt.jl,2021-03-06T20:51:27Z,2021-12-09 01:19:56+00:00,2021-12-09T01:46:52Z,6915,19,Julia,TRUE,Quantum utility tools
XanaduAI/MrMustard,665,6,https://github.com/XanaduAI/MrMustard,A differentiable bridge between phase space and Fock space,https://api.github.com/repos/XanaduAI/MrMustard,2021-05-04T18:52:13Z,2021-12-22 10:28:00+00:00,2021-12-17T21:12:54Z,3767,19,Python,TRUE,Abandoned projects
artificial-brain/quantumcat,230,5,https://github.com/artificial-brain/quantumcat,"quantumcat is a platform-independent, open-source, high-level quantum computing library, which allows the quantum community to focus on developing platform-independent quantum applications without much effort.",https://api.github.com/repos/artificial-brain/quantumcat,2021-03-31T12:11:05Z,2021-11-08 09:29:53+00:00,2021-10-03T07:22:15Z,6135,17,Python,TRUE,Quantum programing framework
pedrorrivero/qrand,223,3,https://github.com/pedrorrivero/qrand,A multiprotocol and multiplatform quantum random number generation framework,https://api.github.com/repos/pedrorrivero/qrand,2020-10-14T01:28:20Z,2021-11-23 18:05:07+00:00,2021-11-27T03:20:12Z,592,16,Python,TRUE,Quantum algorithms
NicklasBoto/funQ,377,6,https://github.com/NicklasBoto/funQ,Functional Quantum Programming,https://api.github.com/repos/NicklasBoto/funQ,2020-10-13T15:16:55Z,2021-08-19 13:05:07+00:00,2021-05-19T12:53:49Z,18176,15,Haskell,TRUE,Quantum programing framework
QuantumBFS/YaoCompiler.jl,140,5,https://github.com/QuantumBFS/YaoCompiler.jl,The Yao compiler project,https://api.github.com/repos/QuantumBFS/YaoCompiler.jl,2020-11-11T02:02:34Z,2021-12-18 07:29:55+00:00,2021-12-12T04:51:52Z,1759,15,Julia,TRUE,Quantum compilers
CQCL/pytket-extensions,266,11,https://github.com/CQCL/pytket-extensions,extensions for pytket quantum SDK,https://api.github.com/repos/CQCL/pytket-extensions,2021-02-10T13:27:05Z,2021-12-14 15:09:53+00:00,2021-12-14T15:09:49Z,43291,14,Python,TRUE,Quantum utility tools
Qulacs-Osaka/quantum_software_handson,108,8,https://github.com/Qulacs-Osaka/quantum_software_handson,,https://api.github.com/repos/Qulacs-Osaka/quantum_software_handson,2021-06-24T13:31:09Z,2021-12-22 03:06:47+00:00,2021-12-16T08:28:36Z,8778,14,Python,TRUE,
open-quantum-safe/liboqs-cpp,23,4,https://github.com/open-quantum-safe/liboqs-cpp,C++ bindings for liboqs,https://api.github.com/repos/open-quantum-safe/liboqs-cpp,2019-02-14T16:07:12Z,2022-01-03 20:47:42+00:00,2022-01-03T20:47:37Z,11464,14,C++,TRUE,Post-quantum cryptography
unitaryfund/unitaryhack,201,24,https://github.com/unitaryfund/unitaryhack,Rules and information for the 2021 unitaryHACK event hosted by @unitaryfund,https://api.github.com/repos/unitaryfund/unitaryhack,2021-02-18T18:56:05Z,2021-12-11 21:10:16+00:00,2021-09-08T00:34:33Z,607,14,SCSS,TRUE,Abandoned projects
node-red-quantum/node-red-contrib-quantum,140,7,https://github.com/node-red-quantum/node-red-contrib-quantum,Quantum computing functionality for Node-RED,https://api.github.com/repos/node-red-quantum/node-red-contrib-quantum,2021-06-16T03:35:56Z,2021-11-01 20:23:30+00:00,2021-09-12T21:11:40Z,4332,13,JavaScript,TRUE,Quantum programing framework
iic-jku/qcec,69,3,https://github.com/iic-jku/qcec,QCEC - A JKQ tool for Quantum Circuit Equivalence Checking,https://api.github.com/repos/iic-jku/qcec,2020-01-02T12:23:35Z,2021-12-15 14:10:30+00:00,2022-01-04T13:04:19Z,1136,13,C++,TRUE,Quantum utility tools
iic-jku/qmap,81,7,https://github.com/iic-jku/qmap,QMAP - A JKQ tool for Quantum Circuit Mapping written in C++,https://api.github.com/repos/iic-jku/qmap,2020-10-10T00:07:09Z,2021-12-02 12:54:44+00:00,2021-12-29T20:17:46Z,1591,12,C++,TRUE,Quantum programing framework
QuantumBFS/YaoArrayRegister.jl,22,5,https://github.com/QuantumBFS/YaoArrayRegister.jl,Simulated Full Amplitude Quantum Register (moved to Yao.jl/lib),https://api.github.com/repos/QuantumBFS/YaoArrayRegister.jl,2019-01-02T02:25:31Z,2021-12-18 06:26:41+00:00,2021-12-07T18:42:07Z,262,12,Julia,TRUE,Quantum simulators
splch/quantum-tales,92,2,https://github.com/splch/quantum-tales,A series of short stories describing quantum algorithms and their use-cases.,https://api.github.com/repos/splch/quantum-tales,2020-09-24T20:38:09Z,2021-12-13 22:20:08+00:00,2021-12-05T08:15:08Z,347677,12,Jupyter Notebook,TRUE,Abandoned projects
flynnbr11/QMLA,123,7,https://github.com/flynnbr11/QMLA,Python framework for the reverse engineering of Hamiltonian models of quantum systems through machine learning.,https://api.github.com/repos/flynnbr11/QMLA,2017-06-23T15:33:06Z,2021-12-29 06:59:32+00:00,2021-12-05T13:54:28Z,7551888,12,Python,TRUE,Abandoned projects
QTechTheory/QuESTlink,105,6,https://github.com/QTechTheory/QuESTlink,A Mathematica package for multithreaded and GPU simulation of quantum computers,https://api.github.com/repos/QTechTheory/QuESTlink,2018-02-15T01:55:08Z,2021-11-19 18:02:20+00:00,2021-12-12T00:25:51Z,61468,11,C,TRUE,Quantum simulators
latticesurgery-com/lattice-surgery-compiler,384,6,https://github.com/latticesurgery-com/lattice-surgery-compiler,Lattice surgery quantum error correction compiler,https://api.github.com/repos/latticesurgery-com/lattice-surgery-compiler,2020-09-24T23:36:25Z,2021-12-27 20:26:45+00:00,2022-01-03T11:25:12Z,521,10,Python,TRUE,Quantum compilers
Qottmann/Quantum-anomaly-detection,147,4,https://github.com/Qottmann/Quantum-anomaly-detection,Anomaly detection on a quantum computer using Qiskit,https://api.github.com/repos/Qottmann/Quantum-anomaly-detection,2021-04-27T08:29:59Z,2021-12-14 11:28:13+00:00,2021-07-19T10:12:10Z,115590,9,Jupyter Notebook,TRUE,Quantum Machine learning
SupertechLabs/cirq-superstaq,282,9,https://github.com/SupertechLabs/cirq-superstaq,,https://api.github.com/repos/SupertechLabs/cirq-superstaq,2021-07-29T16:42:38Z,2021-12-27 20:08:48+00:00,2021-12-30T18:56:26Z,1559,9,Python,TRUE,Quantum utility tools
OxfordIonTrapGroup/ndscan,28,5,https://github.com/OxfordIonTrapGroup/ndscan,N-dimensional scans for ARTIQ,https://api.github.com/repos/OxfordIonTrapGroup/ndscan,2019-01-30T16:09:38Z,2021-11-28 17:26:38+00:00,2021-11-28T17:27:23Z,7157,9,Python,TRUE,Quantum utility tools
mickahell/quantum_lab,259,3,https://github.com/mickahell/quantum_lab,Docker image for quantum laboratory,https://api.github.com/repos/mickahell/quantum_lab,2021-03-01T14:31:36Z,2021-10-20 18:42:27+00:00,2021-06-25T21:48:15Z,2686,8,Python,TRUE,Experimental quantum computing
JQub/qfnn,107,2,https://github.com/JQub/qfnn,,https://api.github.com/repos/JQub/qfnn,2021-09-26T07:10:06Z,2021-11-17 03:23:43+00:00,2021-10-18T02:29:16Z,4286,8,Jupyter Notebook,TRUE,Quantum algorithms
bagmk/Quantum_Machine_Learning_Express,168,2,https://github.com/bagmk/Quantum_Machine_Learning_Express,"This project is one of the Qiskit mentorship programs to replicate two papers  arXiv:1905.10876 and  arXiv:2003.09887 using the Qiskit environment. We evaluate the parameterized quantum circuit, reproduce the expressibility and entangling capability of the 19 circuits, and the classification accuracy. ",https://api.github.com/repos/bagmk/Quantum_Machine_Learning_Express,2021-03-04T22:39:51Z,2021-11-23 18:02:09+00:00,2021-06-22T05:52:30Z,65827,8,Jupyter Notebook,TRUE,Quantum algorithms
fmozafari/angel,112,2,https://github.com/fmozafari/angel,C++ Library for Quantum State Preparation (QSP),https://api.github.com/repos/fmozafari/angel,2020-02-12T14:30:03Z,2021-11-17 11:43:58+00:00,2021-12-01T10:38:42Z,19737,7,C++,TRUE,Quantum utility tools
Krastanov/Quantikz,79,2,https://github.com/Krastanov/Quantikz,A Julia package for drawing quantum circuits with the quantikz tex macros.,https://api.github.com/repos/Krastanov/Quantikz,2020-12-18T04:53:32Z,2021-10-28 05:51:59+00:00,2021-10-28T06:12:53Z,838,7,TeX,TRUE,Quantum utility tools
S4Plus/ABC,25,15,https://github.com/S4Plus/ABC,,https://api.github.com/repos/S4Plus/ABC,2020-07-02T00:23:00Z,2021-07-05 18:25:14+00:00,2021-07-05T18:25:10Z,21420,6,C++,TRUE,
jnorthrup/columnar,179,3,https://github.com/jnorthrup/columnar,An idiomatic kotlin dataframe toolkit for data engineering tasks of any size dataset,https://api.github.com/repos/jnorthrup/columnar,2019-11-15T05:30:17Z,2021-10-24 20:58:29+00:00,2021-10-25T17:38:35Z,1921,6,HTML,TRUE,Abandoned projects
peterrohde/QuNet,113,3,https://github.com/peterrohde/QuNet,A scalable quantum network simulator based on cost vector analysis implemented in Julia.,https://api.github.com/repos/peterrohde/QuNet,2020-11-21T20:17:44Z,2021-06-29 05:03:38+00:00,2021-05-08T19:53:37Z,3865,6,Jupyter Notebook,TRUE,Quantum simulators
qutech/filter_functions,147,3,https://github.com/qutech/filter_functions,Efficient numerical calculation of generalized filter functions,https://api.github.com/repos/qutech/filter_functions,2019-08-05T13:04:23Z,2021-12-30 07:41:37+00:00,2021-10-27T12:28:43Z,7124,6,Python,TRUE,Experimental quantum computing
mickahell/quantum_pokemon-fight,88,3,https://github.com/mickahell/quantum_pokemon-fight,A quantum game and algorithm to fight in Pokemon.,https://api.github.com/repos/mickahell/quantum_pokemon-fight,2020-10-27T07:40:44Z,2021-12-27 20:23:28+00:00,2021-11-11T10:44:46Z,1591,6,Jupyter Notebook,TRUE,Quantum fun
qcc4cp/qcc,240,4,https://github.com/qcc4cp/qcc,"Source code for the book ""Quantum Computing for Programmers"", Cambridge University Press",https://api.github.com/repos/qcc4cp/qcc,2021-01-23T04:18:11Z,2021-10-20 03:13:26+00:00,2021-10-17T02:08:30Z,741,5,C++,TRUE,Abandoned projects
iic-jku/dd_package,126,7,https://github.com/iic-jku/dd_package,JKQ decision diagram package tailored to quantum computing,https://api.github.com/repos/iic-jku/dd_package,2019-08-07T12:48:54Z,2021-12-27 19:03:04+00:00,2021-12-27T19:12:30Z,3495,5,C++,TRUE,Quantum utility tools
mindspore-ai/mindquantum,226,7,https://github.com/mindspore-ai/mindquantum,MindQuantum is a quantum machine learning library that can be used to build and train different quantum neural networks.,https://api.github.com/repos/mindspore-ai/mindquantum,2021-06-03T07:42:37Z,2021-12-29 02:41:40+00:00,2021-12-29T04:27:28Z,16662,5,Jupyter Notebook,TRUE,Quantum Machine learning
QLemma/qleet,104,2,https://github.com/QLemma/qleet,"qLEET is an open-source library for exploring Loss landscape, Expressibility, Entangling capability, and Training trajectories of noisy parameterized quantum circuits.",https://api.github.com/repos/QLemma/qleet,2021-06-19T22:52:19Z,2021-12-16 19:25:38+00:00,2021-12-16T19:25:35Z,7491,4,Jupyter Notebook,TRUE,Experimental quantum computing
myQLM/myqlm-interop,78,7,https://github.com/myQLM/myqlm-interop,,https://api.github.com/repos/myQLM/myqlm-interop,2020-07-07T15:17:55Z,2021-10-11 07:33:23+00:00,2021-12-08T21:41:52Z,2121,4,OpenQASM,TRUE,
theerfan/Q,185,4,https://github.com/theerfan/Q,My attempt at researching Quantum Mechanics & Quantum Computing.,https://api.github.com/repos/theerfan/Q,2019-11-08T19:27:19Z,2021-11-07 15:29:01+00:00,2021-11-07T15:28:59Z,43948,4,Jupyter Notebook,TRUE,Abandoned projects
zhinst/zhinst-qcodes,22,5,https://github.com/zhinst/zhinst-qcodes,QCoDeS drivers for Zurich Instruments devices,https://api.github.com/repos/zhinst/zhinst-qcodes,2020-04-22T13:02:28Z,2021-12-01 06:47:45+00:00,2021-12-01T06:47:42Z,727,4,Python,TRUE,Abandoned projects
quantum-defence/quantum-defence,502,4,https://github.com/quantum-defence/quantum-defence,"Defend the base against waves of attacks by enemies with turrets, gates, borders and strategy. Along the way, learn more about how these mechanisms are inspired by real life quantum computing applications.",https://api.github.com/repos/quantum-defence/quantum-defence,2021-03-21T05:43:55Z,2021-08-14 09:04:52+00:00,2021-08-14T09:04:49Z,515017,4,GDScript,TRUE,Abandoned projects
tknrsgym/quara,2061,5,https://github.com/tknrsgym/quara,"Quara, which stands for ""Quantum Characterization"", is an open-source library for characterizing elementary quantum operations.",https://api.github.com/repos/tknrsgym/quara,2019-12-25T02:41:39Z,2021-12-24 08:28:32+00:00,2021-12-24T08:28:28Z,36701,3,Python,TRUE,Abandoned projects
QML-HEP/ae_qml,295,4,https://github.com/QML-HEP/ae_qml,QML Project,https://api.github.com/repos/QML-HEP/ae_qml,2020-10-27T19:47:30Z,2021-12-08 15:23:47+00:00,2021-12-20T16:40:34Z,25993,3,Python,TRUE,Quantum Machine learning
USCqserver/OpenQuantumBase.jl,24,2,https://github.com/USCqserver/OpenQuantumBase.jl,Abstract types and math operations for OpenQuantumTools.jl.,https://api.github.com/repos/USCqserver/OpenQuantumBase.jl,2019-06-05T07:48:09Z,2021-12-14 02:12:33+00:00,2021-12-14T02:34:03Z,477,3,Julia,TRUE,Abandoned projects
JakuJ/quantum-explorer,97,3,https://github.com/JakuJ/quantum-explorer,Bachelor's project: Compiler Explorer for Q#,https://api.github.com/repos/JakuJ/quantum-explorer,2020-07-07T17:15:25Z,2021-11-01 02:01:28+00:00,2021-07-12T17:33:50Z,4706,3,JavaScript,TRUE,Abandoned projects
qiboteam/qibojit,346,4,https://github.com/qiboteam/qibojit,Accelerating Qibo simulation with just-in-time compilation.,https://api.github.com/repos/qiboteam/qibojit,2021-04-22T20:51:53Z,2021-12-28 07:22:58+00:00,2022-01-04T13:08:25Z,509,3,Python,TRUE,Quantum simulators
qiboteam/qibotf,170,2,https://github.com/qiboteam/qibotf,Accelerating Qibo simulation with TensorFlow custom operators.,https://api.github.com/repos/qiboteam/qibotf,2021-04-22T20:51:27Z,2021-11-13 21:15:42+00:00,2021-11-13T21:15:39Z,785,3,C++,TRUE,Quantum simulators
Quantronauts/qhack21,326,6,https://github.com/Quantronauts/qhack21,Quant'ronauts repository for QHACK21,https://api.github.com/repos/Quantronauts/qhack21,2021-01-11T18:05:11Z,2021-04-29 09:20:47+00:00,2021-03-22T18:42:51Z,13545,3,Jupyter Notebook,TRUE,Abandoned projects
rumschuettel/quantum-benchmarks,43,3,https://github.com/rumschuettel/quantum-benchmarks,Quantum benchmarks for real quantum hardware,https://api.github.com/repos/rumschuettel/quantum-benchmarks,2019-06-26T14:35:17Z,2021-06-05 20:12:21+00:00,2021-05-11T23:13:50Z,14084,2,Python,TRUE,Quantum utility tools
iic-jku/qfr,101,8,https://github.com/iic-jku/qfr,QFR - A JKQ library for Quantum Functionality Representation written in C++,https://api.github.com/repos/iic-jku/qfr,2020-01-02T08:54:03Z,2021-12-28 13:43:59+00:00,2021-12-28T13:43:56Z,918,2,C++,TRUE,Quantum algorithms
Tomev-CTP/BoSS,78,2,https://github.com/Tomev-CTP/BoSS,(Bo)son (S)ampling (S)imulator basing on the most current works in the field! Yay!,https://api.github.com/repos/Tomev-CTP/BoSS,2020-06-16T11:34:34Z,2021-12-09 10:21:24+00:00,2021-12-09T10:21:21Z,734,2,Python,TRUE,Quantum simulators
asqum/PYQUM,171,4,https://github.com/asqum/PYQUM,,https://api.github.com/repos/asqum/PYQUM,2018-11-01T06:52:53Z,2021-12-16 06:06:40+00:00,2021-12-16T06:06:07Z,213359,2,Python,TRUE,Abandoned projects
marekyggdrasil/website,75,5,https://github.com/marekyggdrasil/website,Marek Narozniak's personal website with computer science / numerics / quantum physics tutorials.,https://api.github.com/repos/marekyggdrasil/website,2017-03-12T18:33:30Z,2021-12-13 14:49:12+00:00,2021-12-13T14:49:32Z,15803,2,HTML,TRUE,Abandoned projects
HayleySummer/Qiskit_Hackathon_Europe,144,5,https://github.com/HayleySummer/Qiskit_Hackathon_Europe,This is a repository for team Beat-the-quantum-machine participating in the Qiskit Hackathon Europe in 2021: https://qiskithackathoneurope.bemyapp.com/#/projects/607ab2e82efb08001913e3c3,https://api.github.com/repos/HayleySummer/Qiskit_Hackathon_Europe,2021-04-25T06:00:38Z,2021-06-04 21:44:17+00:00,2021-06-04T21:44:14Z,14328,2,Jupyter Notebook,TRUE,Abandoned projects
jwei302/Quantum-Counting,124,3,https://github.com/jwei302/Quantum-Counting,Quantum Software Development @ MIT Beaverworks,https://api.github.com/repos/jwei302/Quantum-Counting,2021-07-19T19:26:40Z,2021-09-05 03:38:25+00:00,2021-08-11T21:30:32Z,1790,2,Q#,TRUE,Abandoned projects
tmog123/Quantum_Assisted,282,2,https://github.com/tmog123/Quantum_Assisted,,https://api.github.com/repos/tmog123/Quantum_Assisted,2021-03-18T07:36:50Z,2021-12-28 13:50:27+00:00,2021-12-28T13:50:24Z,6329,1,Python,TRUE,Abandoned projects
Tovermodus/Tic-Tac-Qu-Learning,34,4,https://github.com/Tovermodus/Tic-Tac-Qu-Learning,,https://api.github.com/repos/Tovermodus/Tic-Tac-Qu-Learning,2020-10-06T15:55:56Z,2021-10-01 16:26:46+00:00,2021-10-01T16:26:43Z,93,1,Python,TRUE,Abandoned projects
JordanovSJ/VQE,78,2,https://github.com/JordanovSJ/VQE,A python module and example scripts to perform molecular simulationts with the variational quantum eigensolver (VQE),https://api.github.com/repos/JordanovSJ/VQE,2019-12-11T13:16:43Z,2021-12-30 11:06:31+00:00,2021-12-30T11:06:28Z,10267,1,Python,TRUE,Abandoned projects
andrewcpotter/holopy,113,4,https://github.com/andrewcpotter/holopy,quantum tensor network toolkit for simulating materials and chemistry models,https://api.github.com/repos/andrewcpotter/holopy,2020-10-05T14:57:53Z,2021-06-15 08:14:47+00:00,2021-06-15T08:14:45Z,5887,1,Jupyter Notebook,TRUE,Quantum simulators
TristanB22/AzimuthInternship,143,3,https://github.com/TristanB22/AzimuthInternship,A repository containing code from both Tristan and his advisors from his internship with the AAIM Lab within the Azimuth Corporation,https://api.github.com/repos/TristanB22/AzimuthInternship,2021-06-08T14:00:48Z,2021-08-23 03:47:06+00:00,2021-08-23T03:47:03Z,45496,1,Jupyter Notebook,TRUE,Abandoned projects
vtomole/vtomole.github.io,28,2,https://github.com/vtomole/vtomole.github.io,Blog,https://api.github.com/repos/vtomole/vtomole.github.io,2016-11-24T03:21:37Z,2021-11-07 02:18:40+00:00,2021-11-07T02:18:37Z,2394,1,HTML,TRUE,Abandoned projects
Quantum-Computing-Jufo-2019/quantum-computing-jufo-2019.github.io,80,5,https://github.com/Quantum-Computing-Jufo-2019/quantum-computing-jufo-2019.github.io,The Website for our Jugend Forscht Project,https://api.github.com/repos/Quantum-Computing-Jufo-2019/quantum-computing-jufo-2019.github.io,2020-06-07T19:37:38Z,2021-11-30 15:27:37+00:00,2021-11-30T15:28:25Z,293652,1,Vue,TRUE,Abandoned projects
Serock3/Master_thesis_QEC_simulation,491,2,https://github.com/Serock3/Master_thesis_QEC_simulation,"This repository contains the code for simulating quantum error correction (QEC), primarily for the [[5,1,3]] code, using IBM's Qiskit. The project was in the form of a Master's thesis as well as a six-week continuation of the project.",https://api.github.com/repos/Serock3/Master_thesis_QEC_simulation,2021-01-19T09:08:41Z,2021-12-11 09:38:45+00:00,2021-12-11T09:31:39Z,23010,1,Jupyter Notebook,TRUE,Quantum algorithms
pablomateo/quantum_computing_learning_stack,124,2,https://github.com/pablomateo/quantum_computing_learning_stack,Resources & References to learn Quantum Computing,https://api.github.com/repos/pablomateo/quantum_computing_learning_stack,2021-12-20T17:00:32Z,2021-12-23 10:28:39+00:00,2021-12-22T00:26:23Z,941,1,,TRUE,Abandoned projects
teaguetomesh/dqva-and-circuit-cutting,154,5,https://github.com/teaguetomesh/dqva-and-circuit-cutting,Combining quantum circuit cutting techniques with quantum variational optimization to solve large instances of Maximum Independent Set on NISQ processors.,https://api.github.com/repos/teaguetomesh/dqva-and-circuit-cutting,2021-01-07T16:28:38Z,2021-08-03 19:42:01+00:00,2021-12-02T19:27:53Z,758220,1,Jupyter Notebook,TRUE,Quantum algorithms
tbcole/majoranaJJ,25,3,https://github.com/tbcole/majoranaJJ,Finding Majorana modes in a periodic array of Josephson Junctions with varying geometric properties. ,https://api.github.com/repos/tbcole/majoranaJJ,2020-02-03T23:49:19Z,2021-05-06 04:55:55+00:00,2021-05-06T04:55:52Z,195047,1,Python,TRUE,Abandoned projects
bernalde/QuIPML,112,2,https://github.com/bernalde/QuIPML,Quantum Integer Programming and Machine Learning Course Website. 18-819F 47-779/785 CMU Fall 2021,https://api.github.com/repos/bernalde/QuIPML,2021-08-27T22:43:26Z,2021-12-03 15:40:06+00:00,2021-12-03T15:40:03Z,160970,1,Jupyter Notebook,TRUE,Abandoned projects
beratyenilen/qc-ga,95,2,https://github.com/beratyenilen/qc-ga,,https://api.github.com/repos/beratyenilen/qc-ga,2020-10-26T18:28:04Z,2021-12-15 14:26:27+00:00,2021-12-15T14:26:24Z,98114,0,Jupyter Notebook,TRUE,Quantum algorithms
